Timesteps,Fission Rate Density
0,143802479.79819182
3240000,143802608.10833034
3924000,2876051606.041456
3931200,21570342372.25635
