Timesteps,Power Factor
0,0.006666666666666667
3240000,0.006666666666666667
3924000,0.13333333333333333
3931200,1.0
